id,skin,hair_colour,hair_length,hair_type,facial_hair,beard_colour,headwear
70163,light,black,short,straight,clean,none,none
70309,light,light_brown,medium,tied,clean,none,none
70448,medium,black,short,curly,goatee,black,none
70480,dark,black,short,braids,clean,none,none
70502,light,dark_brown,medium,tied,clean,none,none
70571,brown,black,medium,curly,clean,none,headband
70824,light,black,short,straight,clean,none,none
70909,light,dark_brown,medium,curly,clean,none,none
71101,light,black,short,straight,clean,none,none
71527,light,light_brown,medium,tied,clean,none,none
71529,light,dark_brown,medium,tied,clean,none,none
71531,light,light_brown,medium,tied,clean,none,none
71532,light,red,short,straight,clean,none,none
71560,light,dark_brown,medium,tied,clean,none,none
71651,dark,black,short,curly,clean,none,none
71680,light,light_brown,medium,tied,clean,none,none
72126,light,brown,medium,tied,clean,none,none
72149,light,brown,long,wavy,clean,none,none
72150,light,dark_brown,long,straight,clean,none,none
72319,medium,black,short,curly,clean,none,none
72333,light,dark_brown,long,tied,clean,none,none
72344,light,dark_brown,medium,tied,clean,none,none
72359,light,dark_brown,long,tied,clean,none,none
72364,olive,dark_brown,medium,tied,clean,none,none
72579,light,red,medium,curly,clean,none,none
72705,light,dark_brown,medium,tied,clean,none,none
73021,light,light_brown,medium,tied,clean,none,none
73027,very_light,blonde,medium,tied,clean,none,none
73057,light,dark_brown,short,wavy,clean,none,none
73078,medium,dark_brown,medium,straight,clean,none,none
73226,light,dark_brown,medium,tied,clean,none,none
73373,light,brown,short,slicked,stubble,dark_brown,none
73374,dark,black,medium,dreads,moustache,black,none
73586,light,dark_brown,long,tied,clean,none,none
73652,olive,black,medium,tied,clean,none,none
73850,very_light,blonde,long,tied,clean,none,none
73885,olive,dark_brown,medium,curly,stubble,dark_brown,none
74102,dark,black,short,braids,stubble,black,none
74207,light,black,short,straight,clean,none,none
74329,olive,black,short,straight,goatee,black,none
74413,light,dark_brown,medium,straight,clean,none,none
74485,dark,black,short,afro,clean,none,none
74822,light,brown,medium,tied,clean,none,none
74861,olive,dark_brown,medium,tied,clean,none,none
75087,dark,black,short,curly,goatee,black,none
75090,light,blonde,medium,straight,clean,none,none
75150,light,black,short,curly,clean,none,none
75225,medium,black,medium,wavy,clean,none,none
75424,light,blonde,medium,straight,clean,none,none
75437,light,black,short,straight,clean,none,none
76199,light,light_brown,medium,tied,clean,none,none
76201,very_light,blonde,medium,tied,clean,none,none
76228,dark,black,short,curly,goatee,black,none
76326,light,dark_brown,medium,tied,clean,none,none
76571,dark,black,medium,dreads,goatee,black,none
76687,brown,black,short,curly,clean,none,none
76922,light,blonde,medium,wavy,clean,none,none
77163,light,light_brown,short,slicked,short_beard,brown,none
77636,dark,black,buzz,curly,clean,none,none
77988,light,light_brown,medium,tied,clean,none,none
78273,light,dark_brown,medium,tied,clean,none,none
78679,very_light,light_brown,medium,tied,clean,none,none
78685,brown,black,medium,tied,clean,none,none
78844,light,light_brown,medium,tied,clean,none,none
79107,light,black,short,straight,clean,none,none
79457,light,dark_brown,short,straight,clean,none,none
79467,medium,light_brown,medium,curly,clean,none,none
79518,light,dark_brown,medium,tied,clean,none,none
79529,medium,black,medium,straight,clean,none,headband
79564,very_light,light_brown,medium,tied,clean,none,none
79726,light,dark_brown,medium,tied,clean,none,none
79733,very_light,light_brown,medium,tied,clean,none,none
80165,light,dark_brown,short,wavy,clean,none,none
80755,olive,black,short,curly,goatee,black,none
81427,light,light_brown,medium,straight,clean,none,none
81456,light,light_brown,medium,tied,clean,none,none
146296,olive,black,short,slicked,stubble,black,none
156519,olive,grey,short,slicked,short_beard,black,none
162347,light,dark_brown,short,slicked,full_beard,dark_brown,none
173533,light,none,bald,other,short_beard,brown,none
181458,olive,black,short,slicked,short_beard,black,none
183569,brown,dyed,short,curly,full_beard,black,none
186156,light,brown,short,wavy,short_beard,dark_brown,none
186197,dark,none,bald,other,stubble,black,none
186695,olive,black,short,slicked,clean,none,none
186783,dark,black,buzz,straight,clean,none,none
186942,olive,black,medium,wavy,full_beard,black,none
188335,olive,black,short,slicked,clean,none,none
188836,light,light_brown,short,slicked,short_beard,brown,none
188988,olive,black,short,slicked,short_beard,black,none
189167,light,brown,short,straight,full_beard,red,none
189271,brown,black,short,curly,stubble,black,none
189324,light,dark_brown,short,slicked,clean,none,none
189456,light,light_brown,short,slicked,short_beard,brown,none
189860,light,dark_brown,short,slicked,stubble,dark_brown,none
189908,light,light_brown,short,straight,clean,none,none
190324,dark,black,short,straight,clean,none,none
190460,light,light_brown,buzz,straight,short_beard,brown,none
190547,light,light_brown,short,slicked,clean,none,none
190885,light,black,short,slicked,short_beard,black,none
190941,light,light_brown,short,slicked,stubble,brown,none
191655,light,black,short,slicked,clean,none,none
192012,olive,black,short,slicked,short_beard,black,none
192114,olive,black,medium,slicked,full_beard,black,none
192123,light,brown,short,straight,stubble,brown,none
192129,light,dark_brown,short,slicked,full_beard,dark_brown,none
192319,light,dark_brown,short,slicked,short_beard,dark_brown,none
192350,olive,black,short,slicked,short_beard,black,none
192448,light,dark_brown,short,slicked,stubble,dark_brown,none
192563,light,light_brown,short,slicked,clean,none,none
192715,olive,black,short,slicked,stubble,black,none
192984,light,dark_brown,short,straight,stubble,dark_brown,none
192985,light,light_brown,medium,slicked,clean,none,none
193041,medium,dyed,short,mohawk,clean,none,none
193165,olive,black,short,slicked,stubble,black,none
193331,light,black,short,slicked,clean,none,none
194149,light,light_brown,short,slicked,clean,none,none
194765,light,brown,short,slicked,short_beard,brown,none
194794,light,dark_brown,short,slicked,full_beard,dark_brown,none
195037,olive,dark_brown,short,slicked,stubble,dark_brown,none
197445,dark,black,buzz,straight,goatee,black,none
197756,dark,black,short,curly,goatee,black,none
197781,olive,black,medium,wavy,full_beard,black,none
197891,light,dark_brown,short,slicked,stubble,dark_brown,none
197948,light,brown,short,slicked,stubble,dark_brown,none
198141,light,black,short,slicked,clean,none,none
198489,very_light,light_brown,short,slicked,clean,none,none
198705,medium,dyed,short,straight,stubble,black,none
198904,light,black,short,slicked,short_beard,black,none
198951,dark,dyed,short,straight,short_beard,black,none
199110,medium,black,short,slicked,clean,none,none
199151,olive,black,short,slicked,clean,none,none
199422,light,dark_brown,short,straight,clean,none,none
199434,olive,black,short,slicked,stubble,black,none
199503,olive,black,short,straight,stubble,black,none
199550,dark,none,bald,other,short_beard,black,none
199562,olive,dark_brown,short,slicked,short_beard,black,none
199652,light,brown,short,slicked,clean,none,none
199669,light,dark_brown,short,slicked,short_beard,dark_brown,none
199833,light,light_brown,medium,slicked,goatee,brown,none
199915,olive,black,short,slicked,stubble,black,none
199986,olive,dark_brown,short,slicked,stubble,dark_brown,none
200145,brown,black,short,slicked,clean,none,none
200155,light,dark_brown,short,slicked,stubble,dark_brown,none
200389,light,red,short,slicked,short_beard,red,none
200408,light,light_brown,short,slicked,clean,none,none
200429,light,dark_brown,medium,straight,clean,none,none
200726,olive,black,short,slicked,short_beard,black,none
200741,brown,black,short,slicked,clean,none,none
200746,light,dark_brown,short,straight,clean,none,none
200752,brown,black,short,slicked,goatee,black,none
200888,dark,none,bald,other,stubble,black,none
201024,dark,none,bald,other,clean,none,none
201095,olive,black,short,slicked,clean,none,none
201143,light,black,short,slicked,clean,none,none
201269,light,light_brown,medium,slicked,clean,none,none
201368,light,dark_brown,short,slicked,clean,none,none
201389,olive,dark_brown,short,slicked,short_beard,dark_brown,none
201455,dark,black,short,curly,goatee,black,none
201895,olive,dark_brown,short,slicked,goatee,dark_brown,none
202126,light,brown,short,slicked,short_beard,brown,none
202151,light,dyed,short,slicked,goatee,dark_brown,none
202201,light,brown,short,slicked,full_beard,brown,none
202335,light,dark_brown,short,straight,stubble,dark_brown,none
202429,dark,black,medium,twists,stubble,black,none
202695,light,light_brown,short,slicked,stubble,brown,none
202697,light,brown,short,slicked,short_beard,brown,none
202716,olive,black,short,slicked,moustache,black,none
202789,light,brown,short,slicked,clean,none,none
202811,olive,black,short,slicked,clean,none,none
202873,light,black,short,slicked,stubble,dark_brown,none
202884,light,black,short,slicked,short_beard,black,none
203002,medium,black,short,slicked,clean,none,none
203042,light,brown,short,slicked,stubble,brown,none
203106,light,black,short,spiky,goatee,black,none
203177,dark,none,bald,other,short_beard,black,none
203263,light,black,medium,slicked,clean,none,none
203299,dark,dyed,short,curly,clean,none,none
203483,light,light_brown,short,straight,stubble,brown,none
203502,brown,black,medium,braids,clean,none,none
203574,light,brown,short,slicked,stubble,brown,none
203590,light,dark_brown,short,slicked,goatee,dark_brown,none
203747,olive,black,medium,wavy,moustache,black,none
203775,light,light_brown,medium,slicked,clean,none,none
204215,light,brown,short,slicked,clean,none,none
204472,dark,black,short,straight,clean,none,none
204497,light,dark_brown,short,slicked,short_beard,dark_brown,none
204525,light,brown,medium,wavy,stubble,dark_brown,none
204760,light,brown,short,spiky,short_beard,dark_brown,none
204884,dark,black,short,straight,clean,none,none
204935,light,light_brown,short,slicked,clean,none,none
204936,light,black,short,slicked,stubble,dark_brown,none
205069,light,black,short,slicked,short_beard,black,none
205192,light,brown,short,slicked,clean,none,none
205288,light,black,short,slicked,stubble,black,none
205452,dark,black,buzz,straight,full_beard,black,none
205566,light,blonde,short,straight,stubble,brown,none
205569,light,light_brown,short,slicked,stubble,brown,none
205887,light,light_brown,short,slicked,clean,none,none
205976,light,dark_brown,short,slicked,stubble,dark_brown,none
205985,brown,black,short,straight,short_beard,black,none
205990,light,red,short,slicked,short_beard,red,none
206006,light,dyed,medium,slicked,stubble,blonde,none
206085,brown,black,short,curly,stubble,black,none
206086,olive,dark_brown,short,slicked,short_beard,black,none
206115,brown,black,short,slicked,stubble,black,none
206198,light,dark_brown,short,slicked,clean,none,none
206219,light,black,short,slicked,short_beard,black,none
206222,olive,black,short,slicked,short_beard,black,none
206463,brown,black,short,afro,goatee,black,none
206467,dark,black,short,straight,goatee,black,none
206517,olive,dark_brown,medium,wavy,stubble,dark_brown,headband
206518,brown,dyed,short,straight,goatee,black,none
206549,light,none,bald,other,clean,none,none
206562,brown,black,short,straight,stubble,black,none
206585,light,dark_brown,short,slicked,clean,none,none
207421,light,dark_brown,short,slicked,clean,none,none
207439,olive,black,short,slicked,stubble,black,none
207790,olive,black,short,slicked,full_beard,black,none
207804,dark,black,short,straight,clean,none,none
207897,olive,black,short,slicked,short_beard,black,none
207948,dark,black,short,curly,goatee,black,none
207998,light,dark_brown,short,slicked,moustache,dark_brown,none
208093,olive,black,short,slicked,clean,none,none
208137,light,dark_brown,short,slicked,stubble,dark_brown,none
208268,light,brown,short,slicked,short_beard,brown,none
208333,olive,black,short,slicked,full_beard,black,none
208448,light,blonde,medium,straight,clean,none,none
208574,olive,black,short,slicked,stubble,black,none
208596,light,dark_brown,short,slicked,clean,none,none
209288,very_light,red,short,slicked,short_beard,red,none
209289,light,brown,short,slicked,stubble,brown,none
209449,dark,black,short,curly,goatee,black,none
209658,light,dark_brown,short,slicked,clean,none,none
209675,dark,black,short,straight,short_beard,black,none
209846,light,dark_brown,short,slicked,short_beard,dark_brown,none
210021,brown,black,short,slicked,short_beard,black,none
210035,light,brown,short,slicked,goatee,brown,none
210047,light,dark_brown,short,slicked,stubble,black,none
210257,light,black,short,slicked,clean,none,none
210287,dark,black,short,curly,clean,none,none
210324,light,dark_brown,short,slicked,stubble,dark_brown,none
210374,olive,black,short,slicked,short_beard,black,none
210423,light,dark_brown,short,mohawk,clean,none,none
210455,olive,black,short,slicked,stubble,black,none
210514,olive,black,short,slicked,clean,none,none
210644,light,light_brown,medium,curly,short_beard,brown,none
210719,light,black,short,slicked,goatee,black,none
210724,olive,black,short,slicked,short_beard,black,none
210736,olive,black,short,slicked,short_beard,black,none
210881,light,black,short,slicked,short_beard,dark_brown,none
210897,dark,black,short,straight,short_beard,black,none
210930,olive,black,short,slicked,short_beard,black,none
210935,olive,black,short,slicked,full_beard,black,none
210985,light,light_brown,medium,slicked,clean,none,none
211320,light,brown,short,slicked,short_beard,red,none
211361,olive,black,short,slicked,short_beard,black,none
211362,light,black,short,slicked,goatee,black,none
211368,dark,black,short,straight,clean,none,none
211378,light,light_brown,medium,slicked,moustache,brown,none
211382,dark,black,short,slicked,stubble,black,none
211384,dark,dyed,medium,spiky,goatee,black,none
211408,light,brown,short,slicked,stubble,brown,none
211748,olive,black,short,slicked,full_beard,black,none
211856,brown,black,short,slicked,clean,none,none
211879,light,dark_brown,short,slicked,stubble,dark_brown,none
212002,light,dark_brown,short,slicked,stubble,dark_brown,none
212194,very_light,light_brown,medium,straight,stubble,blonde,headband
212197,olive,dark_brown,short,slicked,stubble,dark_brown,none
212212,light,brown,short,slicked,stubble,brown,none
212214,light,black,short,slicked,clean,none,none
212228,dark,dyed,short,slicked,goatee,black,none
212321,light,dark_brown,short,slicked,stubble,dark_brown,none
212404,olive,dark_brown,short,slicked,clean,none,none
212442,light,dark_brown,short,slicked,full_beard,red,none
212462,olive,black,short,slicked,full_beard,black,none
212491,dark,black,short,straight,full_beard,black,none
212501,light,dark_brown,short,slicked,stubble,dark_brown,none
212516,light,black,short,slicked,clean,none,none
212592,dark,none,bald,other,full_beard,black,none
212602,light,dark_brown,short,slicked,clean,none,none
212622,light,light_brown,short,slicked,clean,none,none
212626,olive,black,short,slicked,clean,none,none
212678,very_light,light_brown,short,slicked,clean,none,none
212710,olive,black,short,slicked,clean,none,none
212722,brown,black,medium,braids,short_beard,black,none
212755,light,dark_brown,short,slicked,stubble,dark_brown,none
212782,dark,black,short,curly,full_beard,black,none
212831,olive,black,short,slicked,full_beard,black,none
212888,olive,black,short,slicked,clean,none,none
213017,light,brown,short,slicked,stubble,brown,none
213152,brown,dark_brown,buzz,straight,stubble,dark_brown,none
213209,brown,black,short,slicked,short_beard,black,none
213331,brown,black,short,slicked,stubble,black,none
213345,dark,black,short,curly,short_beard,black,none
213413,brown,black,short,slicked,full_beard,black,none
213418,dark,black,short,curly,goatee,black,none
213439,light,dark_brown,short,curly,short_beard,dark_brown,none
213620,olive,black,short,slicked,clean,none,none
213655,dark,black,short,curly,full_beard,black,none
213661,light,dark_brown,short,slicked,clean,none,none
213665,light,dark_brown,short,spiky,clean,none,none
213686,light,dark_brown,short,slicked,clean,none,none
213693,light,dark_brown,short,slicked,short_beard,dark_brown,none
213699,brown,black,short,curly,clean,none,none
213750,dark,black,buzz,straight,clean,none,none
213777,light,light_brown,medium,straight,short_beard,brown,headband
213956,dark,black,long,braids,goatee,black,headband
213991,dark,black,short,straight,short_beard,black,none
214040,dark,black,short,curly,short_beard,black,none
214354,dark,black,short,slicked,clean,none,none
214658,light,dark_brown,short,slicked,short_beard,dark_brown,none
214944,light,dark_brown,medium,slicked,clean,none,none
214979,light,black,short,slicked,clean,none,none
215107,olive,black,short,slicked,short_beard,black,none
215135,olive,black,short,slicked,clean,none,none
215178,olive,black,short,slicked,short_beard,black,none
215211,light,dark_brown,short,slicked,clean,none,none
215213,light,dark_brown,short,curly,clean,none,none
215270,olive,grey,short,slicked,clean,none,none
215316,olive,dark_brown,short,slicked,stubble,dark_brown,none
215330,light,black,medium,straight,clean,none,none
215334,light,dark_brown,short,slicked,clean,none,none
215363,light,black,short,slicked,stubble,black,none
215502,light,dark_brown,medium,slicked,long_beard,dark_brown,none
215556,dark,black,short,straight,clean,none,none
215590,olive,black,short,slicked,clean,none,none
215616,olive,black,short,slicked,stubble,black,none
215639,brown,black,short,curly,clean,none,none
215785,dark,black,short,curly,clean,none,none
215871,olive,black,short,slicked,clean,none,none
216003,olive,dark_brown,short,slicked,clean,none,none
216150,olive,black,short,slicked,moustache,black,none
216194,light,black,short,slicked,clean,none,none
216201,dark,black,short,curly,full_beard,black,none
216266,brown,black,short,slicked,goatee,black,none
216267,light,dark_brown,short,slicked,clean,none,none
216325,light,dark_brown,short,slicked,short_beard,brown,none
216346,dark,black,short,curly,goatee,black,none
216354,olive,black,short,slicked,clean,none,none
216388,dark,dyed,short,curly,goatee,black,none
216460,olive,black,short,slicked,goatee,black,none
216467,light,dark_brown,short,slicked,clean,none,none
216549,light,brown,short,slicked,clean,none,none
216627,olive,black,short,slicked,stubble,black,none
216816,olive,black,short,slicked,stubble,black,none
216939,dark,black,short,braids,short_beard,black,none
217036,light,black,short,slicked,clean,none,none
217606,dark,black,buzz,straight,clean,none,none
217826,brown,black,short,curly,short_beard,black,none
217870,olive,dark_brown,short,wavy,moustache,dark_brown,none
218667,olive,black,short,slicked,full_beard,black,none
218731,brown,black,short,straight,clean,none,none
218746,light,dark_brown,medium,straight,stubble,dark_brown,none
219145,olive,black,short,straight,stubble,black,none
219522,light,dark_brown,short,slicked,short_beard,dark_brown,none
219536,olive,black,short,slicked,stubble,black,none
219655,light,dark_brown,short,slicked,full_beard,brown,none
219732,dark,black,medium,afro,full_beard,black,none
219733,light,none,bald,other,full_beard,dark_brown,none
219795,light,light_brown,short,slicked,short_beard,brown,none
219932,olive,black,short,slicked,short_beard,black,none
219953,light,brown,short,slicked,stubble,brown,none
220048,light,black,short,slicked,goatee,black,none
220085,light,dark_brown,medium,curly,stubble,dark_brown,none
220196,very_light,light_brown,short,straight,clean,none,none
220414,olive,black,short,slicked,stubble,black,none
220421,dark,black,buzz,straight,clean,none,none
220440,light,black,short,slicked,short_beard,black,none
220493,light,black,short,slicked,clean,none,none
220570,light,brown,short,slicked,clean,none,none
220620,very_light,light_brown,short,slicked,clean,none,none
220633,dark,black,short,curly,clean,none,none
220651,light,dark_brown,short,slicked,goatee,dark_brown,none
220659,light,dark_brown,short,slicked,stubble,dark_brown,none
220697,light,light_brown,short,slicked,stubble,brown,none
220710,light,dark_brown,medium,wavy,clean,none,none
220746,light,black,short,slicked,short_beard,dark_brown,none
220793,dark,black,short,straight,stubble,black,none
220814,light,black,short,slicked,stubble,black,none
220821,light,light_brown,short,slicked,stubble,brown,none
220876,olive,black,short,slicked,full_beard,black,none
220893,light,black,short,slicked,clean,none,none
220901,olive,black,short,slicked,short_beard,black,none
220925,olive,black,short,slicked,stubble,black,none
221269,brown,black,long,afro,full_beard,black,none
221282,light,brown,short,wavy,stubble,brown,none
221342,light,black,short,slicked,short_beard,black,none
221363,very_light,blonde,short,slicked,clean,none,none
221479,olive,black,short,slicked,full_beard,black,none
221587,very_light,dark_brown,short,slicked,clean,none,none
221671,light,black,medium,straight,clean,none,none
221797,light,black,short,slicked,clean,none,none
221841,light,dark_brown,short,slicked,full_beard,dark_brown,none
221890,very_light,red,short,straight,clean,none,none
221992,olive,black,short,slicked,clean,none,none
222028,light,dyed,short,slicked,short_beard,dark_brown,none
222077,light,dark_brown,medium,wavy,full_beard,dark_brown,none
222109,light,brown,short,slicked,clean,none,none
222123,olive,brown,short,slicked,clean,none,none
222286,light,dark_brown,short,slicked,short_beard,brown,none
222319,brown,black,short,straight,clean,none,none
222331,light,light_brown,short,slicked,clean,none,none
222352,olive,black,short,slicked,short_beard,black,none
222357,dark,black,short,straight,clean,none,none
222400,olive,dark_brown,short,slicked,clean,none,none
222492,brown,black,medium,wavy,goatee,black,none
222509,olive,black,short,slicked,short_beard,black,none
222514,light,dark_brown,short,slicked,clean,none,none
222528,light,brown,short,slicked,clean,none,none
222542,olive,black,short,slicked,stubble,black,none
222572,light,black,short,slicked,clean,none,none
222587,olive,black,medium,slicked,clean,none,none
222825,dark,black,buzz,straight,clean,none,none
222876,light,dark_brown,short,slicked,full_beard,dark_brown,none
223061,olive,black,short,slicked,clean,none,none
223137,olive,black,short,slicked,stubble,black,none
223197,light,black,medium,slicked,clean,none,none
223334,brown,dyed,short,curly,goatee,black,none
223524,light,dark_brown,short,slicked,goatee,dark_brown,none
223603,light,dark_brown,short,slicked,stubble,dark_brown,none
223751,dark,black,short,straight,short_beard,black,none
223885,light,brown,short,slicked,stubble,brown,none
223952,light,black,short,slicked,clean,none,none
223959,brown,dyed,short,curly,stubble,black,none
223963,olive,black,short,slicked,stubble,black,none
224067,very_light,blonde,medium,slicked,clean,none,none
224081,light,dark_brown,short,tied,goatee,dark_brown,none
224179,brown,black,short,slicked,long_beard,black,none
224221,light,brown,short,wavy,short_beard,brown,none
224258,light,brown,short,slicked,stubble,brown,none
224263,light,dark_brown,short,slicked,clean,none,none
224265,light,dark_brown,short,slicked,clean,none,none
224294,light,black,short,slicked,short_beard,dark_brown,none
224309,olive,black,short,slicked,stubble,black,none
224371,light,brown,short,slicked,clean,none,none
224411,olive,black,medium,wavy,stubble,black,none
224415,olive,black,short,slicked,full_beard,black,none
224422,dark,black,short,afro,full_beard,black,none
224841,light,black,short,slicked,stubble,black,none
224855,light,light_brown,short,slicked,clean,none,none
224883,brown,black,short,straight,full_beard,black,none
224921,light,black,short,slicked,clean,none,none
224947,light,brown,short,slicked,stubble,brown,none
224970,dark,black,buzz,straight,clean,none,none
225085,dark,black,short,curly,full_beard,black,none
225100,brown,black,short,curly,full_beard,black,none
225106,light,dark_brown,short,slicked,clean,none,none
225116,light,dark_brown,short,slicked,short_beard,dark_brown,none
225126,olive,black,short,slicked,short_beard,black,none
225147,light,dark_brown,short,straight,moustache,dark_brown,none
225149,light,light_brown,short,slicked,clean,none,none
225201,olive,black,short,slicked,stubble,black,none
225263,light,brown,short,slicked,full_beard,brown,none
225375,light,light_brown,short,slicked,full_beard,brown,none
225441,dark,black,short,curly,short_beard,black,none
225475,brown,black,short,slicked,short_beard,black,none
225508,dark,black,short,straight,clean,none,none
225539,olive,black,short,curly,short_beard,black,none
225543,light,brown,short,slicked,clean,none,none
225659,olive,black,short,slicked,clean,none,none
225668,olive,black,short,slicked,stubble,black,none
225669,dark,black,short,twists,goatee,black,none
225699,olive,black,short,slicked,stubble,black,none
225711,brown,black,buzz,straight,clean,none,none
225782,dark,black,short,straight,clean,none,none
225793,olive,black,short,slicked,stubble,black,none
226035,light,brown,short,slicked,clean,none,none
226093,olive,black,short,curly,short_beard,black,none
226103,dark,black,buzz,straight,clean,none,none
226162,olive,black,short,slicked,short_beard,black,none
226221,light,black,short,slicked,clean,none,none
226226,light,dark_brown,short,slicked,clean,none,none
226268,light,grey,short,straight,full_beard,dark_brown,none
226271,light,dark_brown,short,slicked,stubble,dark_brown,none
226375,light,light_brown,medium,tied,clean,none,headband
226376,olive,black,short,slicked,clean,none,none
226377,olive,black,short,slicked,clean,none,none
226385,olive,black,short,slicked,clean,none,none
226401,light,brown,medium,straight,clean,none,none
226456,olive,black,short,slicked,goatee,black,none
226491,light,dark_brown,short,slicked,clean,none,none
226677,brown,black,short,curly,stubble,black,none
226753,dark,black,short,afro,goatee,black,none
226766,olive,black,short,slicked,clean,none,none
226777,dark,black,short,straight,short_beard,black,none
226786,olive,dark_brown,short,slicked,short_beard,black,none
226807,olive,black,short,curly,short_beard,black,none
226851,light,black,short,straight,clean,none,none
226853,brown,black,short,slicked,full_beard,black,none
226893,olive,black,medium,tied,clean,none,none
226979,light,light_brown,medium,tied,clean,none,none
226987,light,dark_brown,medium,tied,clean,none,headband
226998,light,dark_brown,medium,tied,clean,none,none
227013,light,brown,medium,tied,clean,none,none
227069,light,dark_brown,medium,tied,clean,none,none
227073,olive,dark_brown,medium,tied,clean,none,none
227074,light,dark_brown,medium,tied,clean,none,none
227087,light,light_brown,medium,tied,clean,none,none
227096,light,dark_brown,medium,tied,clean,none,none
227102,light,dark_brown,medium,tied,clean,none,none
227110,light,dark_brown,medium,tied,clean,none,none
227113,light,dark_brown,medium,tied,clean,none,none
227127,light,black,short,slicked,short_beard,brown,none
227137,light,brown,medium,tied,clean,none,none
227186,olive,black,short,slicked,short_beard,black,none
227190,light,dark_brown,medium,tied,clean,none,none
227192,light,dark_brown,medium,tied,clean,none,headband
227203,light,dark_brown,medium,tied,clean,none,headband
227222,olive,black,short,slicked,stubble,black,none
227234,light,dark_brown,short,slicked,full_beard,dark_brown,none
227236,dark,black,short,straight,full_beard,black,none
227246,olive,dark_brown,medium,tied,clean,none,none
227254,very_light,blonde,medium,tied,clean,none,none
227255,light,brown,medium,tied,clean,none,none
227274,olive,black,short,slicked,short_beard,black,none
227310,light,light_brown,medium,tied,clean,none,none
227323,light,dark_brown,medium,tied,clean,none,none
227346,dark,black,long,braids,clean,none,none
227353,olive,black,medium,tied,clean,none,none
227359,light,dark_brown,medium,tied,clean,none,none
227361,dark,black,medium,tied,clean,none,none
227368,light,light_brown,medium,tied,clean,none,none
227381,olive,dark_brown,medium,tied,clean,none,none
227383,dark,black,medium,tied,clean,none,headband
227384,light,dark_brown,medium,tied,clean,none,none
227387,light,dark_brown,medium,tied,clean,none,none
227394,brown,none,bald,other,goatee,black,none
227397,light,light_brown,medium,tied,clean,none,none
227421,brown,black,medium,tied,clean,none,none
227453,medium,dark_brown,medium,tied,clean,none,headband
227457,brown,dark_brown,medium,tied,clean,none,none
227503,light,light_brown,short,slicked,stubble,brown,none
227558,dark,black,short,braids,full_beard,black,none
227678,dark,black,short,curly,goatee,black,none
227732,olive,dark_brown,short,slicked,short_beard,dark_brown,none
227734,light,light_brown,medium,tied,clean,none,none
227796,olive,black,short,slicked,stubble,black,none
227925,light,black,medium,tied,clean,none,none
227927,dark,black,short,afro,stubble,black,none
228151,light,black,short,slicked,stubble,black,none
228174,brown,black,short,slicked,full_beard,black,none
228229,olive,black,short,slicked,stubble,black,none
228251,light,dark_brown,short,slicked,short_beard,brown,none
228332,brown,black,long,afro,goatee,black,none
228336,olive,black,short,slicked,stubble,black,none
228368,light,dark_brown,medium,slicked,clean,none,none
228382,dark,black,short,straight,clean,none,none
228410,light,brown,short,straight,clean,none,none
228419,light,light_brown,short,straight,clean,none,none
228520,olive,dark_brown,short,slicked,clean,none,none
228579,brown,dyed,short,curly,goatee,black,none
228595,light,brown,short,straight,clean,none,none
228614,olive,black,medium,slicked,short_beard,black,none
228618,dark,black,buzz,straight,clean,none,none
228626,brown,dark_brown,medium,tied,clean,none,none
228628,light,light_brown,medium,tied,clean,none,none
228630,light,brown,medium,tied,clean,none,none
228635,light,dark_brown,short,slicked,full_beard,dark_brown,none
228681,olive,dark_brown,medium,slicked,stubble,dark_brown,none
228687,very_light,blonde,long,straight,clean,none,headband
228813,olive,black,short,slicked,stubble,black,none
228838,olive,black,short,slicked,stubble,black,none
228881,olive,dark_brown,short,slicked,short_beard,dark_brown,none
228883,brown,dark_brown,short,slicked,short_beard,dark_brown,none
228892,olive,black,medium,curly,short_beard,black,none
228941,olive,black,short,slicked,short_beard,black,none
229091,light,brown,short,slicked,clean,none,none
229163,light,brown,short,slicked,stubble,brown,none
229237,brown,black,short,slicked,clean,none,none
229261,dark,black,short,braids,stubble,black,none
229266,light,light_brown,medium,wavy,clean,none,none
229277,light,dark_brown,short,straight,short_beard,brown,none
229348,medium,black,medium,curly,stubble,black,none
229375,dark,black,medium,afro,short_beard,black,none
229379,light,black,short,slicked,short_beard,dark_brown,none
229558,dark,black,short,straight,full_beard,black,none
229582,olive,dark_brown,short,straight,clean,none,none
229636,olive,black,short,slicked,short_beard,black,none
229640,light,light_brown,short,slicked,clean,none,none
229649,brown,black,short,slicked,short_beard,black,none
229654,olive,dark_brown,short,slicked,clean,none,none
229682,light,brown,short,slicked,clean,none,none
229705,dark,black,medium,dreads,short_beard,black,none
229764,olive,dark_brown,short,slicked,moustache,dark_brown,none
229862,light,black,short,slicked,short_beard,black,none
229880,dark,black,short,straight,clean,none,none
229881,brown,black,short,slicked,clean,none,none
229891,very_light,light_brown,short,straight,stubble,blonde,none
229905,olive,black,short,slicked,short_beard,black,none
229906,dark,black,short,curly,clean,none,none
229942,dark,black,short,braids,goatee,black,none
229984,light,dark_brown,short,slicked,short_beard,brown,none
230084,brown,black,short,slicked,full_beard,black,none
230107,dark,black,short,curly,short_beard,black,none
230613,dark,black,short,curly,goatee,black,none
230621,olive,black,short,slicked,full_beard,black,none
230666,brown,black,short,curly,goatee,black,none
230681,olive,black,short,slicked,short_beard,black,none
230708,light,blonde,short,slicked,stubble,blonde,none
230829,olive,black,medium,slicked,clean,none,none
230882,light,dark_brown,short,wavy,stubble,dark_brown,none
230888,light,brown,short,slicked,stubble,brown,none
230899,dark,black,medium,dreads,short_beard,black,none
230938,dark,none,bald,other,full_beard,black,none
231089,dark,black,short,straight,short_beard,black,none
231102,brown,black,short,curly,goatee,black,none
231111,light,dark_brown,short,slicked,short_beard,dark_brown,none
231207,dark,black,short,straight,clean,none,none
231235,brown,black,short,slicked,goatee,black,none
231240,light,dark_brown,short,slicked,clean,none,none
231280,light,light_brown,short,slicked,clean,none,none
231340,olive,black,short,slicked,clean,none,none
231410,olive,black,short,slicked,clean,none,none
231416,dark,none,bald,other,clean,none,none
231428,olive,black,short,slicked,short_beard,black,none
231445,dark,black,short,curly,full_beard,black,none
231447,brown,none,bald,other,goatee,black,none
231485,dark,black,short,straight,goatee,black,none
231507,olive,black,short,slicked,stubble,black,none
231512,brown,black,short,curly,goatee,black,none
231554,olive,black,short,straight,clean,none,none
231591,light,dark_brown,short,curly,short_beard,brown,none
231600,olive,black,short,slicked,short_beard,black,none
231633,dark,black,buzz,straight,clean,none,none
231736,olive,dark_brown,medium,tied,clean,none,none
231743,dark,black,short,curly,clean,none,none
231873,light,light_brown,short,slicked,clean,none,none
231874,light,light_brown,short,slicked,clean,none,none
231936,olive,black,short,slicked,goatee,black,none
232074,light,blonde,medium,tied,clean,none,none
232080,olive,black,short,slicked,short_beard,black,none
232097,olive,black,short,slicked,clean,none,none
232104,light,dark_brown,short,curly,clean,none,none
232144,brown,black,short,straight,clean,none,none
232148,olive,black,short,slicked,clean,none,none
232223,olive,black,short,slicked,moustache,black,none
232411,dark,black,short,straight,goatee,black,none
232432,light,dark_brown,short,slicked,clean,none,none
232437,light,dark_brown,short,slicked,clean,none,none
232488,olive,black,short,slicked,stubble,black,none
232580,brown,black,short,curly,goatee,black,none
232658,olive,black,short,slicked,goatee,black,none
232711,very_light,dark_brown,medium,wavy,clean,none,none
232730,light,black,medium,straight,clean,none,none
232759,light,brown,medium,straight,clean,none,none
232805,brown,black,short,curly,clean,none,none
232905,light,dark_brown,medium,straight,moustache,dark_brown,none
233051,light,dark_brown,short,slicked,clean,none,none
233096,dark,black,short,straight,clean,none,none
233164,olive,black,short,slicked,short_beard,black,none
233189,olive,black,short,slicked,clean,none,none
233201,light,dark_brown,short,slicked,clean,none,none
233231,light,brown,short,straight,clean,none,none
233260,olive,black,short,slicked,short_beard,black,none
233306,light,brown,short,slicked,clean,none,none
233400,light,light_brown,short,slicked,clean,none,none
233493,olive,black,short,slicked,clean,none,none
233606,olive,dark_brown,medium,slicked,short_beard,dark_brown,none
233705,light,dark_brown,short,slicked,clean,none,none
233731,dark,black,short,straight,short_beard,black,none
233738,light,dark_brown,short,slicked,clean,none,none
233751,olive,black,medium,tied,clean,none,none
233756,light,black,medium,tied,clean,none,none
233795,light,dark_brown,long,wavy,full_beard,dark_brown,none
233838,olive,dark_brown,medium,tied,clean,none,none
233848,very_light,light_brown,medium,straight,clean,none,none
233851,very_light,light_brown,short,slicked,clean,none,none
233852,light,light_brown,medium,tied,clean,none,none
233861,very_light,blonde,medium,tied,clean,none,none
233885,olive,black,medium,slicked,full_beard,black,none
233934,very_light,light_brown,short,slicked,clean,none,none
234072,light,dark_brown,medium,wavy,moustache,dark_brown,none
234102,light,dark_brown,medium,slicked,short_beard,dark_brown,none
234122,olive,black,short,slicked,short_beard,black,none
234147,light,black,short,slicked,stubble,dark_brown,none
234153,olive,black,short,slicked,short_beard,black,none
234205,medium,black,medium,straight,clean,none,none
234341,olive,black,short,straight,clean,none,none
234378,light,dark_brown,short,slicked,stubble,dark_brown,none
234396,dark,black,short,afro,short_beard,black,none
234399,light,light_brown,short,slicked,clean,none,none
234505,brown,black,medium,afro,goatee,black,none
234569,dark,dyed,short,curly,clean,none,none
234570,olive,black,short,slicked,clean,none,none
234574,olive,dark_brown,short,straight,clean,none,none
234575,olive,black,short,straight,stubble,black,none
234577,olive,black,short,straight,stubble,black,none
234579,dark,black,short,mohawk,clean,none,none
234640,dark,black,short,curly,full_beard,black,none
234671,very_light,blonde,short,slicked,clean,none,none
234678,light,dark_brown,short,slicked,clean,none,none
234711,light,black,short,slicked,goatee,dark_brown,none
234728,olive,black,short,slicked,stubble,black,none
234741,olive,black,short,curly,stubble,black,none
234742,light,light_brown,short,slicked,clean,none,none
234790,light,dark_brown,short,slicked,full_beard,dark_brown,none
234833,light,brown,medium,slicked,short_beard,brown,none
234867,olive,black,short,slicked,moustache,black,none
234875,light,light_brown,medium,straight,short_beard,brown,none
234943,olive,black,medium,slicked,clean,none,none
235008,olive,black,short,slicked,goatee,black,none
235073,light,dark_brown,short,slicked,short_beard,brown,none
235149,light,light_brown,short,slicked,clean,none,none
235152,olive,black,medium,curly,short_beard,black,none
235156,light,light_brown,short,slicked,clean,none,none
235212,olive,black,short,straight,stubble,black,none
235266,light,brown,short,straight,clean,none,none
235353,dark,black,short,straight,stubble,black,none
235405,light,dark_brown,short,spiky,clean,none,none
235424,dark,black,short,curly,clean,none,none
235454,dark,black,buzz,straight,clean,none,none
235456,brown,black,medium,twists,clean,none,headband
235526,light,dark_brown,short,straight,clean,none,none
235536,olive,dark_brown,short,slicked,stubble,black,none
235618,light,dark_brown,short,slicked,clean,none,none
235735,olive,black,short,curly,goatee,black,none
235755,brown,black,short,curly,clean,none,none
235790,light,black,medium,straight,stubble,dark_brown,none
235794,dark,black,medium,dreads,clean,none,none
235805,olive,dark_brown,short,slicked,clean,none,none
235842,light,dark_brown,short,straight,stubble,dark_brown,none
235844,olive,dark_brown,short,straight,stubble,dark_brown,none
235889,olive,black,short,straight,goatee,black,none
235944,olive,dark_brown,short,straight,stubble,dark_brown,none
235945,light,black,short,slicked,clean,none,none
235949,olive,black,short,slicked,stubble,black,none
235997,olive,black,short,slicked,stubble,black,none
236033,light,dark_brown,medium,wavy,stubble,dark_brown,none
236046,olive,black,short,slicked,moustache,black,none
236248,light,dark_brown,short,straight,clean,none,none
236276,brown,black,short,curly,full_beard,black,none
236295,olive,black,short,straight,full_beard,black,none
236315,light,dark_brown,short,slicked,clean,none,none
236355,brown,black,short,slicked,goatee,black,none
236369,olive,dark_brown,short,slicked,stubble,dark_brown,none
236457,olive,black,short,straight,stubble,black,none
236461,dark,none,bald,other,short_beard,black,none
236477,brown,black,short,straight,short_beard,black,none
236479,light,dark_brown,long,tied,clean,none,none
236499,brown,black,short,curly,full_beard,black,none
236515,light,dark_brown,short,slicked,stubble,dark_brown,none
236518,dark,black,short,straight,stubble,black,none
236524,very_light,dark_brown,short,straight,clean,none,none
236530,very_light,light_brown,short,slicked,clean,none,none
236568,brown,black,short,straight,stubble,black,none
236593,brown,black,medium,braids,clean,none,none
236600,dark,black,short,straight,full_beard,black,none
236629,brown,black,short,curly,short_beard,black,none
236636,light,black,short,straight,stubble,black,none
236640,brown,dark_brown,medium,tied,clean,none,hairband
236641,light,blonde,medium,straight,clean,none,none
236703,light,brown,short,slicked,full_beard,brown,none
236760,olive,black,short,slicked,short_beard,black,none
236772,light,black,short,slicked,stubble,black,none
236791,light,light_brown,short,straight,clean,none,none
236875,very_light,light_brown,short,straight,clean,none,none
236885,olive,black,short,slicked,clean,none,none
236920,brown,black,short,curly,goatee,black,none
236935,light,brown,short,slicked,clean,none,none
236944,dark,black,short,curly,clean,none,none
236947,dark,black,long,dreads,full_beard,black,none
236987,brown,black,medium,braids,short_beard,black,none
236988,dark,black,short,straight,clean,none,none
237034,olive,black,short,slicked,clean,none,none
237075,olive,black,short,straight,clean,none,none
237197,dark,black,medium,tied,clean,none,none
237221,light,brown,short,slicked,clean,none,none
237223,light,brown,short,slicked,clean,none,none
237239,light,dark_brown,short,straight,clean,none,none
237242,dark,black,short,straight,clean,none,none
237256,brown,black,short,curly,clean,none,none
237286,light,dark_brown,medium,slicked,short_beard,brown,none
237329,brown,black,short,slicked,goatee,black,none
237383,light,black,short,curly,clean,none,none
237386,light,brown,short,slicked,short_beard,brown,none
237407,very_light,brown,short,straight,clean,none,none
237496,light,brown,medium,straight,stubble,brown,none
237499,olive,black,short,straight,clean,none,none
237522,light,black,short,slicked,clean,none,none
237633,light,dark_brown,short,straight,short_beard,dark_brown,none
237635,light,light_brown,short,slicked,clean,none,none
237669,very_light,light_brown,medium,straight,clean,none,none
237673,brown,dark_brown,medium,tied,clean,none,none
237678,dark,black,short,straight,clean,none,none
237704,olive,black,short,slicked,clean,none,none
237841,dark,black,short,curly,clean,none,none
237985,dark,black,buzz,straight,goatee,black,none
238059,light,brown,short,straight,clean,none,none
238070,light,dark_brown,medium,slicked,clean,none,none
238071,dark,black,short,straight,short_beard,black,none
238072,light,dark_brown,short,spiky,full_beard,brown,none
238114,olive,black,short,wavy,clean,none,none
238126,light,none,bald,other,clean,none,none
238157,light,light_brown,short,straight,clean,none,none
238212,very_light,blonde,medium,straight,clean,none,none
238216,light,light_brown,medium,straight,clean,none,none
238412,brown,black,medium,tied,clean,none,none
238463,dark,black,short,curly,clean,none,none
238476,dark,black,short,curly,clean,none,none
238717,dark,black,short,slicked,clean,none,none
238756,light,brown,short,wavy,clean,none,none
238900,light,dark_brown,short,straight,goatee,dark_brown,none
238957,medium,black,short,straight,stubble,black,none
239015,dark,black,short,straight,full_beard,black,none
239085,very_light,blonde,medium,tied,clean,none,none
239096,olive,black,short,slicked,stubble,black,none
239097,light,brown,short,slicked,stubble,brown,none
239138,light,black,short,straight,clean,none,none
239231,light,black,medium,curly,full_beard,black,none
239250,olive,black,short,straight,clean,none,none
239301,light,black,medium,wavy,clean,none,none
239340,olive,black,short,slicked,short_beard,black,none
239344,light,light_brown,medium,tied,clean,none,none
239345,brown,dark_brown,medium,tied,clean,none,none
239356,dark,black,short,afro,clean,none,none
239580,brown,black,short,straight,goatee,black,none
239614,olive,black,short,slicked,short_beard,black,none
239631,brown,black,short,curly,goatee,black,none
239696,light,dark_brown,short,straight,clean,none,none
239704,olive,dark_brown,short,slicked,clean,none,none
239761,very_light,light_brown,medium,tied,clean,none,none
239778,olive,black,short,slicked,short_beard,black,none
239782,brown,black,short,straight,clean,none,none
239822,olive,black,short,slicked,clean,none,none
239837,olive,dark_brown,short,slicked,short_beard,dark_brown,none
239842,olive,black,short,straight,stubble,black,none
239945,light,black,short,straight,clean,none,none
239981,light,brown,short,wavy,stubble,brown,none
240017,light,dark_brown,short,curly,clean,none,none
240030,light,dark_brown,medium,tied,clean,none,none
240091,light,dark_brown,short,straight,short_beard,dark_brown,none
240097,light,light_brown,short,straight,stubble,brown,none
240193,olive,dark_brown,short,straight,short_beard,dark_brown,none
240273,light,light_brown,short,slicked,clean,none,none
240289,light,dark_brown,short,wavy,full_beard,dark_brown,none
240311,light,dark_brown,short,slicked,clean,none,none
240458,olive,black,short,slicked,clean,none,none
240507,dark,black,short,curly,short_beard,black,none
240513,very_light,dark_brown,short,straight,clean,none,none
240648,light,brown,short,slicked,moustache,brown,none
240669,very_light,blonde,short,slicked,clean,none,none
240714,light,dark_brown,medium,wavy,clean,none,none
240717,dark,black,short,braids,clean,none,none
240740,dark,black,short,afro,clean,none,none
240753,olive,black,short,slicked,full_beard,black,none
240777,light,dark_brown,short,straight,stubble,dark_brown,none
240787,dark,black,short,curly,short_beard,black,none
240859,olive,black,short,straight,short_beard,black,none
240863,light,dark_brown,short,slicked,clean,none,none
240913,light,light_brown,medium,straight,full_beard,brown,none
240915,light,dark_brown,medium,straight,clean,none,none
240916,olive,black,short,slicked,stubble,black,none
240969,light,black,short,slicked,stubble,black,none
240982,olive,black,short,slicked,stubble,black,none
241002,dark,black,medium,dreads,stubble,black,none
241023,dark,black,medium,afro,clean,none,none
241038,brown,black,short,curly,full_beard,black,none
241049,olive,dark_brown,short,straight,stubble,dark_brown,none
241050,light,light_brown,short,slicked,clean,none,none
241084,brown,grey,short,curly,goatee,black,none
241150,brown,black,short,straight,clean,none,none
241159,dark,black,short,slicked,stubble,black,none
241182,light,light_brown,medium,tied,clean,none,headband
241184,dark,black,short,slicked,clean,none,none
241236,dark,black,short,straight,full_beard,black,none
241390,olive,black,short,slicked,goatee,black,none
241436,dark,black,medium,braids,clean,none,none
241461,light,dark_brown,short,straight,clean,none,none
241486,brown,black,long,dreads,goatee,black,none
241487,dark,black,short,curly,full_beard,black,none
241491,light,dark_brown,medium,tied,clean,none,none
241497,brown,black,short,curly,clean,none,none
241549,dark,black,medium,afro,clean,none,none
241667,olive,dark_brown,medium,tied,clean,none,hairband
241671,light,black,short,slicked,stubble,black,none
241711,very_light,dark_brown,short,straight,short_beard,brown,none
241737,very_light,light_brown,medium,slicked,clean,none,none
241775,olive,black,short,slicked,clean,none,none
241842,dark,black,short,curly,clean,none,none
241846,light,dark_brown,medium,tied,clean,none,none
241856,olive,black,short,slicked,short_beard,black,none
241867,light,dark_brown,short,straight,stubble,dark_brown,none
241907,olive,black,short,slicked,short_beard,black,none
241928,dark,black,short,afro,clean,none,none
241982,very_light,dark_brown,short,straight,clean,none,none
242000,olive,black,short,slicked,goatee,black,none
242052,olive,black,short,straight,clean,none,none
242075,light,brown,medium,curly,clean,none,none
242087,light,dyed,short,wavy,goatee,black,none
242187,light,black,short,slicked,stubble,black,none
242214,light,dark_brown,short,straight,clean,none,none
242217,dark,none,bald,other,clean,none,none
242236,light,dark_brown,short,wavy,stubble,dark_brown,none
242267,light,black,short,slicked,clean,none,none
242280,light,light_brown,short,slicked,clean,none,none
242382,light,light_brown,short,slicked,clean,none,none
242386,light,blonde,medium,wavy,clean,none,none
242429,light,dark_brown,short,curly,goatee,dark_brown,none
242434,olive,black,short,curly,stubble,black,none
242444,light,black,medium,wavy,clean,none,none
242516,brown,black,short,straight,full_beard,black,none
242554,brown,black,short,straight,clean,none,none
242578,dark,black,short,afro,clean,none,none
242602,brown,black,short,slicked,full_beard,black,none
242619,dark,black,short,straight,stubble,black,none
242628,dark,black,short,straight,clean,none,none
242655,brown,black,short,curly,clean,none,none
242656,very_light,dark_brown,short,straight,clean,none,none
242660,light,dark_brown,short,slicked,clean,none,none
242755,dark,black,short,curly,short_beard,black,none
242794,olive,black,short,straight,full_beard,black,none
242818,light,brown,short,slicked,clean,none,none
242879,light,dark_brown,short,slicked,short_beard,dark_brown,none
242896,olive,black,medium,tied,clean,none,none
242914,light,black,medium,straight,clean,none,none
242946,dark,black,short,straight,goatee,black,none
242964,very_light,light_brown,medium,wavy,clean,none,none
242965,light,dark_brown,short,straight,stubble,dark_brown,none
242971,olive,dyed,short,straight,clean,none,none
242974,olive,black,short,wavy,goatee,black,none
242997,brown,black,short,curly,clean,none,none
243009,dark,black,short,straight,stubble,black,none
243014,brown,none,bald,other,full_beard,black,none
243015,olive,black,short,straight,clean,none,none
243032,light,light_brown,short,wavy,stubble,brown,none
243133,light,dark_brown,short,straight,stubble,dark_brown,none
243134,dark,black,short,curly,clean,none,none
243249,light,black,short,slicked,clean,none,none
243261,light,dark_brown,long,tied,clean,none,none
243263,light,dark_brown,medium,tied,clean,none,headband
243282,olive,black,short,slicked,short_beard,black,none
243284,very_light,blonde,short,wavy,clean,none,none
243350,brown,black,short,straight,clean,none,none
243353,dark,black,short,straight,clean,none,none
243388,light,light_brown,medium,straight,clean,none,none
243403,light,light_brown,medium,straight,clean,none,none
243404,light,light_brown,medium,tied,clean,none,none
243449,olive,black,short,slicked,short_beard,black,none
243491,light,dark_brown,medium,wavy,clean,none,none
243559,light,dark_brown,short,slicked,clean,none,none
243573,light,dark_brown,short,slicked,stubble,dark_brown,none
243580,dark,black,short,curly,stubble,black,none
243585,brown,black,short,straight,goatee,black,none
243593,brown,black,medium,afro,clean,none,none
243630,dark,black,short,curly,stubble,black,none
243647,olive,black,short,curly,goatee,black,none
243657,light,light_brown,short,wavy,clean,none,none
243669,dark,black,short,straight,goatee,black,none
243675,light,light_brown,short,straight,clean,none,none
243686,olive,black,short,slicked,moustache,black,none
243767,light,dark_brown,short,curly,clean,none,none
243771,dark,black,medium,tied,clean,none,none
243775,light,light_brown,medium,tied,clean,none,none
243780,light,black,medium,straight,clean,none,none
243792,light,dark_brown,short,straight,stubble,dark_brown,none
243887,light,red,short,slicked,short_beard,red,none
243904,olive,black,short,wavy,full_beard,black,none
243932,light,dark_brown,short,slicked,clean,none,none
244058,light,dark_brown,medium,tied,clean,none,headband
244059,light,light_brown,medium,tied,clean,none,none
244112,olive,dyed,short,curly,full_beard,black,none
244191,dark,black,short,twists,clean,none,none
244196,brown,black,medium,dreads,clean,none,none
244233,olive,dark_brown,short,wavy,short_beard,dark_brown,none
244238,light,brown,short,straight,clean,none,none
244257,light,light_brown,short,straight,clean,none,none
244260,light,dark_brown,short,slicked,clean,none,none
244263,light,dark_brown,short,curly,stubble,dark_brown,none
244280,olive,black,short,slicked,clean,none,none
244448,brown,grey,short,wavy,short_beard,black,none
244706,light,dark_brown,short,wavy,clean,none,none
244717,olive,dark_brown,medium,slicked,short_beard,dark_brown,none
245037,olive,black,short,slicked,clean,none,none
245061,olive,black,short,wavy,clean,none,none
245211,dark,black,short,curly,clean,none,none
245238,olive,black,short,slicked,short_beard,black,none
245253,dark,black,short,curly,stubble,black,none
245286,very_light,light_brown,short,wavy,clean,none,none
245341,light,dark_brown,short,slicked,stubble,dark_brown,none
245367,brown,dyed,medium,dreads,clean,none,none
245426,light,dark_brown,short,straight,stubble,dark_brown,none
245443,light,dark_brown,medium,tied,clean,none,none
245541,olive,black,short,wavy,stubble,black,none
245637,brown,dyed,short,curly,stubble,black,none
245697,olive,dark_brown,medium,tied,clean,none,none
245715,light,black,short,slicked,clean,none,none
245729,olive,black,short,straight,goatee,black,none
245802,light,light_brown,medium,tied,clean,none,none
245824,light,blonde,medium,straight,clean,none,none
245839,light,black,short,straight,clean,none,none
245872,light,brown,medium,tied,clean,none,headband
245879,light,dark_brown,medium,tied,clean,none,none
245882,very_light,light_brown,medium,tied,clean,none,none
245889,light,light_brown,medium,tied,clean,none,none
245903,light,brown,short,straight,clean,none,none
245906,dark,black,short,curly,stubble,black,none
245956,light,black,medium,tied,clean,none,none
246053,light,brown,short,straight,clean,none,none
246070,light,light_brown,short,spiky,goatee,brown,none
246113,olive,black,short,slicked,goatee,black,none
246137,brown,black,short,straight,clean,none,none
246152,light,dark_brown,medium,tied,clean,none,none
246153,light,dark_brown,medium,tied,clean,none,none
246158,light,brown,short,wavy,clean,none,none
246174,very_light,brown,short,curly,short_beard,brown,none
246177,brown,black,medium,braids,clean,none,none
246191,olive,black,short,slicked,clean,none,none
246219,dark,black,medium,braids,clean,none,none
246242,dark,black,short,afro,full_beard,black,none
246258,light,dark_brown,short,wavy,stubble,dark_brown,none
246352,olive,black,short,straight,stubble,black,none
246402,light,light_brown,medium,wavy,clean,none,none
246420,dark,black,short,curly,clean,none,none
246426,light,blonde,medium,tied,clean,none,none
246430,olive,black,short,straight,stubble,black,none
246457,brown,black,short,straight,short_beard,black,none
246594,brown,dark_brown,medium,curly,goatee,black,none
246618,light,dark_brown,short,straight,clean,none,none
246641,dark,black,short,curly,clean,none,none
246656,light,dark_brown,short,straight,clean,none,none
246669,dark,black,short,afro,clean,none,none
246672,light,black,short,straight,clean,none,none
246679,light,dark_brown,short,slicked,clean,none,none
246748,light,dark_brown,short,straight,stubble,dark_brown,none
246763,olive,black,short,wavy,clean,none,none
246774,olive,black,medium,straight,clean,none,hairband
246785,light,dark_brown,medium,straight,moustache,dark_brown,none
246791,olive,black,short,wavy,stubble,black,none
246836,light,light_brown,short,slicked,clean,none,none
246863,brown,black,short,curly,goatee,black,none
246923,brown,black,short,curly,goatee,black,none
246946,dark,black,short,curly,clean,none,none
247019,dark,black,short,straight,short_beard,black,none
247026,light,light_brown,short,straight,clean,none,none
247028,very_light,dark_brown,medium,curly,clean,none,none
247090,olive,black,short,slicked,clean,none,none
247103,light,black,short,slicked,short_beard,black,none
247172,dark,black,short,curly,stubble,black,none
247228,brown,dyed,short,curly,short_beard,black,none
247263,dark,black,medium,twists,short_beard,black,none
247360,olive,black,short,wavy,short_beard,black,none
247361,light,dark_brown,medium,wavy,stubble,dark_brown,headband
247385,medium,black,short,straight,clean,none,none
247458,olive,black,short,slicked,moustache,black,none
247477,olive,dark_brown,medium,tied,clean,none,none
247497,dark,black,short,curly,stubble,black,none
247500,olive,black,short,slicked,stubble,black,none
247512,light,light_brown,medium,tied,clean,none,none
247535,light,dark_brown,medium,tied,clean,none,none
247623,dark,black,short,curly,stubble,black,none
247635,olive,black,short,slicked,short_beard,black,none
247648,dark,black,buzz,straight,clean,none,none
247649,very_light,light_brown,short,straight,clean,none,none
247724,brown,dark_brown,medium,tied,clean,none,none
247725,light,brown,long,tied,clean,none,none
247729,olive,black,short,straight,moustache,black,none
247790,light,light_brown,short,straight,clean,none,none
247792,dark,black,medium,tied,clean,none,none
247797,light,dark_brown,medium,tied,clean,none,none
247811,light,black,short,straight,clean,none,headband
247851,olive,black,short,slicked,short_beard,black,none
248148,olive,black,short,slicked,stubble,black,none
248165,light,dark_brown,short,slicked,stubble,dark_brown,none
248243,dark,black,short,curly,clean,none,none
248343,light,dark_brown,medium,tied,clean,none,none
248384,olive,black,short,wavy,short_beard,black,none
248465,dark,black,short,curly,goatee,black,none
248492,brown,black,short,curly,clean,none,none
248573,dark,black,short,curly,clean,none,none
248576,very_light,brown,short,slicked,clean,none,none
248584,light,brown,short,straight,clean,none,none
248604,dark,black,medium,dreads,clean,none,none
248717,medium,dark_brown,medium,tied,clean,none,none
250723,dark,black,medium,dreads,short_beard,black,none
250851,dark,black,short,curly,stubble,black,none
250954,brown,dark_brown,short,curly,clean,none,none
250955,light,brown,short,wavy,stubble,brown,none
250959,light,dark_brown,short,slicked,clean,none,none
250961,brown,black,medium,curly,stubble,black,none
250997,light,dark_brown,short,straight,stubble,dark_brown,none
251217,dark,black,buzz,straight,clean,none,none
251287,olive,dark_brown,short,straight,short_beard,dark_brown,none
251288,light,dark_brown,short,straight,clean,none,none
251421,brown,black,medium,curly,clean,none,none
251433,light,brown,short,straight,stubble,brown,none
251464,light,brown,short,straight,clean,none,none
251517,olive,black,short,wavy,full_beard,black,none
251545,olive,black,short,slicked,goatee,black,none
251566,olive,black,short,slicked,clean,none,none
251651,olive,black,short,slicked,stubble,black,none
251805,dark,black,short,curly,short_beard,black,none
251810,dark,black,short,straight,clean,none,none
251892,dark,black,short,straight,full_beard,black,none
251954,brown,black,short,straight,stubble,black,none
251988,light,dark_brown,medium,wavy,goatee,dark_brown,none
252000,olive,black,short,straight,clean,none,none
252017,olive,black,short,straight,clean,none,none
252027,brown,black,short,straight,clean,none,none
252037,light,dark_brown,medium,curly,goatee,dark_brown,headband
252042,brown,black,medium,braids,goatee,black,none
252064,light,dark_brown,medium,wavy,clean,none,none
252079,olive,black,short,slicked,stubble,black,none
252134,light,dark_brown,medium,straight,clean,none,none
252143,light,black,medium,slicked,stubble,black,none
252144,light,dark_brown,medium,wavy,stubble,dark_brown,none
252162,light,black,medium,straight,clean,none,headband
252238,brown,black,short,straight,clean,none,none
252259,olive,black,medium,afro,moustache,black,none
252317,very_light,brown,medium,straight,clean,none,none
252327,olive,black,short,wavy,stubble,black,none
252371,brown,black,short,curly,short_beard,black,none
252442,light,black,short,straight,stubble,black,none
252448,brown,black,short,curly,moustache,black,none
252454,olive,black,short,slicked,clean,none,none
252466,brown,black,short,curly,clean,none,none
252495,light,dark_brown,short,straight,clean,none,none
252512,light,dark_brown,short,slicked,goatee,dark_brown,none
252794,light,black,short,straight,clean,none,none
252909,olive,black,short,wavy,full_beard,black,none
252931,olive,black,short,straight,short_beard,black,none
252935,olive,black,short,straight,stubble,black,none
253002,light,black,short,slicked,clean,none,none
253004,brown,black,short,straight,stubble,black,none
253073,dark,black,buzz,curly,clean,none,none
253149,dark,black,medium,braids,clean,none,headband
253396,light,dark_brown,short,slicked,clean,none,none
253417,light,dark_brown,medium,tied,clean,none,none
253435,light,light_brown,medium,wavy,clean,none,none
253444,dark,black,short,curly,goatee,black,none
253461,light,black,short,straight,clean,none,none
253693,light,dark_brown,short,slicked,clean,none,none
253970,very_light,light_brown,short,slicked,clean,none,none
254088,dark,black,short,curly,goatee,black,none
254113,brown,black,short,curly,clean,none,none
254267,light,dark_brown,short,straight,clean,none,none
254310,light,black,short,curly,clean,none,none
254470,light,dark_brown,short,straight,clean,none,none
254480,olive,black,short,wavy,short_beard,black,none
254588,dark,black,short,straight,clean,none,none
254660,olive,dark_brown,short,slicked,full_beard,dark_brown,none
254807,dark,black,short,curly,clean,none,none
254819,light,dark_brown,short,slicked,clean,none,none
254859,dark,dyed,medium,dreads,clean,none,none
255009,light,brown,short,straight,stubble,brown,none
255125,brown,black,short,curly,goatee,black,none
255137,dark,black,short,curly,short_beard,black,none
255210,olive,black,short,curly,full_beard,black,none
255223,brown,black,short,curly,clean,none,none
255272,olive,dark_brown,medium,curly,stubble,dark_brown,none
255460,light,dark_brown,short,slicked,moustache,dark_brown,none
255475,olive,black,short,slicked,goatee,black,none
255529,dark,black,medium,dreads,clean,none,none
255565,light,black,medium,straight,clean,none,none
256035,dark,black,short,twists,stubble,black,none
256094,brown,black,medium,tied,clean,none,none
256097,olive,black,short,slicked,goatee,black,none
256115,olive,black,short,slicked,stubble,black,none
256216,dark,black,short,curly,clean,none,none
256261,brown,black,short,straight,stubble,black,none
256281,olive,dark_brown,short,straight,moustache,dark_brown,none
256292,light,brown,short,slicked,stubble,brown,none
256302,light,dark_brown,medium,tied,clean,none,none
256402,olive,black,short,straight,clean,none,none
256420,dark,black,medium,afro,clean,none,none
256453,brown,black,short,straight,stubble,black,none
256489,light,blonde,medium,tied,clean,none,none
256556,olive,black,short,curly,clean,none,none
256630,very_light,dark_brown,short,straight,stubble,brown,none
256769,light,brown,short,straight,clean,none,none
256781,light,brown,short,straight,clean,none,none
256790,brown,black,short,curly,clean,none,none
256899,light,brown,short,wavy,stubble,brown,none
256942,very_light,dark_brown,short,wavy,clean,none,none
256948,olive,black,short,slicked,stubble,black,none
256958,olive,black,short,slicked,goatee,black,none
257000,olive,black,short,slicked,short_beard,black,none
257001,light,light_brown,medium,tied,clean,none,none
257008,light,light_brown,medium,tied,clean,none,none
257057,dark,black,short,straight,clean,none,none
257084,dark,black,medium,braids,clean,none,none
257090,dark,black,buzz,straight,clean,none,none
257111,olive,brown,short,straight,short_beard,brown,none
257179,light,black,short,slicked,short_beard,black,none
257185,olive,black,short,straight,clean,none,none
257190,dark,black,short,straight,clean,none,none
257191,light,dark_brown,short,wavy,stubble,dark_brown,none
257253,light,black,short,slicked,clean,none,none
257278,light,black,medium,wavy,goatee,black,none
257279,olive,black,short,slicked,short_beard,black,none
257288,brown,black,short,curly,short_beard,black,none
257289,brown,dyed,short,curly,goatee,black,none
257368,light,brown,short,straight,stubble,brown,none
257504,light,black,short,slicked,clean,none,none
257534,light,dark_brown,short,slicked,clean,none,none
257540,brown,black,short,straight,goatee,black,none
257638,light,brown,short,slicked,stubble,brown,none
257771,olive,black,short,straight,short_beard,black,none
257877,brown,black,medium,twists,clean,none,none
257886,very_light,dark_brown,short,straight,clean,none,none
257889,light,brown,short,straight,clean,none,none
257946,dark,black,short,twists,clean,none,none
258041,light,black,short,straight,clean,none,none
258171,olive,dyed,medium,curly,goatee,dark_brown,none
258310,light,light_brown,medium,tied,clean,none,none
258316,light,black,short,curly,full_beard,black,none
258390,light,dark_brown,short,straight,clean,none,none
258444,dark,black,medium,dreads,full_beard,black,none
258466,olive,black,short,straight,short_beard,black,none
258485,light,brown,short,slicked,stubble,brown,none
258534,olive,black,short,slicked,moustache,black,none
258580,light,dark_brown,short,slicked,short_beard,dark_brown,none
258683,light,brown,short,slicked,stubble,brown,none
258708,olive,black,short,curly,short_beard,black,none
258715,light,light_brown,short,curly,full_beard,brown,none
258729,olive,black,short,wavy,clean,none,none
258781,light,brown,short,slicked,stubble,brown,none
258782,light,dark_brown,short,slicked,stubble,dark_brown,none
258784,light,light_brown,short,wavy,full_beard,brown,none
258885,brown,black,short,straight,short_beard,black,none
258908,very_light,blonde,short,wavy,clean,none,none
258930,brown,black,short,straight,stubble,black,none
258931,olive,black,short,curly,goatee,dark_brown,none
258937,olive,black,short,straight,stubble,black,none
258946,light,dark_brown,short,straight,clean,none,none
258949,light,dark_brown,short,straight,short_beard,dark_brown,none
258966,olive,black,short,straight,clean,none,none
258972,dark,black,short,curly,full_beard,black,none
258976,olive,black,short,slicked,clean,none,none
258980,light,light_brown,medium,tied,clean,none,none
259022,olive,black,short,wavy,short_beard,black,none
259027,dark,black,short,curly,stubble,black,none
259031,light,light_brown,short,straight,clean,none,none
259066,dark,black,medium,afro,goatee,black,none
259074,light,black,short,straight,goatee,black,none
259233,dark,black,short,braids,clean,none,none
259306,light,black,short,wavy,goatee,black,none
259307,brown,black,medium,braids,goatee,black,none
259356,dark,black,medium,braids,goatee,black,none
259372,light,dark_brown,medium,tied,clean,none,headband
259522,light,dark_brown,short,slicked,clean,none,none
259532,olive,dark_brown,short,slicked,short_beard,dark_brown,none
259583,dark,black,short,twists,clean,none,none
259608,very_light,brown,short,slicked,clean,none,none
259634,dark,black,long,dreads,short_beard,black,none
259716,very_light,light_brown,medium,wavy,clean,none,none
259766,light,dark_brown,short,wavy,clean,none,none
259848,light,dark_brown,short,wavy,clean,none,none
259993,very_light,light_brown,short,straight,clean,none,none
260082,light,black,short,slicked,clean,none,none
260141,light,dark_brown,short,slicked,clean,none,none
260369,olive,dark_brown,short,wavy,clean,none,none
260464,brown,black,short,wavy,clean,none,none
260592,light,dark_brown,short,slicked,clean,none,none
260599,olive,black,short,slicked,full_beard,black,none
260601,olive,black,medium,straight,clean,none,headband
260635,dark,black,short,braids,goatee,black,none
260651,dark,black,short,straight,clean,none,none
260653,dark,black,medium,tied,clean,none,none
260926,brown,black,medium,afro,goatee,black,none
260930,brown,black,medium,braids,moustache,black,none
260952,very_light,light_brown,medium,straight,clean,none,none
260984,light,black,short,slicked,clean,none,none
261025,brown,black,short,curly,clean,none,none
261032,light,dark_brown,short,straight,stubble,dark_brown,none
261097,brown,black,short,curly,clean,none,none
261224,olive,black,short,slicked,clean,none,none
261245,brown,black,short,curly,goatee,black,none
261281,dark,black,medium,dreads,clean,none,none
261299,light,dark_brown,medium,straight,clean,none,headband
261336,dark,black,short,curly,clean,none,none
261375,light,brown,short,wavy,stubble,brown,none
261390,light,black,medium,curly,clean,none,none
261539,dark,black,short,curly,goatee,black,none
261647,brown,black,short,curly,short_beard,black,none
261740,light,light_brown,medium,tied,clean,none,none
261745,light,dark_brown,short,straight,clean,none,none
261766,brown,black,short,straight,stubble,black,none
261773,light,brown,medium,tied,clean,none,none
261786,light,light_brown,medium,tied,clean,none,none
261793,olive,black,long,tied,clean,none,none
261799,light,dark_brown,medium,tied,clean,none,none
261810,light,light_brown,medium,tied,clean,none,none
261838,brown,black,medium,tied,clean,none,none
261843,olive,dark_brown,medium,tied,clean,none,none
261845,olive,dark_brown,medium,tied,clean,none,none
261848,light,dark_brown,long,tied,clean,none,none
261853,olive,dark_brown,medium,tied,clean,none,none
261858,olive,black,medium,tied,clean,none,none
261863,light,brown,medium,tied,clean,none,none
262088,very_light,blonde,short,straight,clean,none,none
262090,light,brown,long,tied,clean,none,none
262105,dark,black,short,curly,goatee,black,none
262138,dark,black,short,braids,goatee,black,none
262140,light,black,short,straight,stubble,black,none
262151,olive,black,short,straight,clean,none,none
262171,light,dark_brown,medium,straight,clean,none,none
262219,light,dark_brown,short,slicked,clean,none,none
262236,brown,black,short,straight,clean,none,none
262298,light,brown,short,slicked,clean,none,none
262330,brown,black,short,tied,clean,none,none
262396,light,dark_brown,short,slicked,clean,none,none
262416,dark,black,short,afro,clean,none,none
262458,medium,dark_brown,medium,tied,clean,none,none
262459,light,dark_brown,medium,tied,clean,none,none
262531,light,dark_brown,medium,tied,clean,none,none
262621,olive,black,short,slicked,full_beard,black,none
262668,brown,black,long,dreads,goatee,black,none
262754,light,brown,short,slicked,full_beard,brown,none
262859,brown,black,short,straight,goatee,black,none
262863,brown,dark_brown,short,curly,clean,none,none
262866,light,dark_brown,medium,straight,clean,none,none
263009,very_light,light_brown,medium,tied,clean,none,none
263013,light,dark_brown,medium,tied,clean,none,none
263116,light,light_brown,short,straight,clean,none,none
263139,olive,black,short,straight,stubble,black,none
263193,dark,black,medium,twists,moustache,black,none
263194,olive,black,short,straight,goatee,black,none
263205,olive,dyed,short,curly,short_beard,dark_brown,none
263304,dark,black,short,afro,goatee,black,none
263396,olive,black,short,straight,short_beard,black,none
263522,olive,dark_brown,short,slicked,clean,none,none
263571,dark,black,medium,afro,stubble,black,none
263640,dark,black,short,afro,clean,none,none
263882,dark,black,short,curly,short_beard,black,none
263887,light,dark_brown,short,slicked,clean,none,none
263966,light,light_brown,medium,tied,clean,none,none
264011,brown,black,medium,wavy,clean,none,none
264035,dark,black,short,afro,clean,none,none
264095,olive,black,short,slicked,clean,none,none
264115,light,black,short,wavy,moustache,dark_brown,none
264133,light,dark_brown,short,slicked,clean,none,none
264172,olive,black,short,wavy,short_beard,dark_brown,none
264180,light,dark_brown,short,wavy,clean,none,none
264194,olive,black,short,wavy,goatee,black,none
264195,olive,black,short,slicked,short_beard,black,none
264196,dark,black,short,twists,stubble,black,none
264221,dark,black,short,curly,clean,none,none
264238,light,black,short,curly,moustache,black,none
264247,olive,black,short,curly,goatee,black,none
264298,light,dark_brown,short,straight,clean,none,none
264349,olive,dark_brown,short,straight,clean,none,none
264432,olive,black,short,slicked,short_beard,black,none
264589,light,dark_brown,short,straight,clean,none,none
264671,olive,dark_brown,medium,tied,clean,none,none
264698,dark,black,buzz,curly,clean,none,none
264725,light,dark_brown,medium,tied,clean,none,none
264731,light,dark_brown,medium,wavy,clean,none,none
264763,olive,black,short,straight,clean,none,none
264830,very_light,light_brown,medium,tied,clean,none,none
264846,dark,black,short,afro,goatee,black,none
264864,light,dark_brown,medium,tied,clean,none,none
264876,olive,brown,medium,tied,clean,none,none
264885,olive,dark_brown,medium,tied,clean,none,none
264886,very_light,light_brown,medium,tied,clean,none,none
264889,very_light,light_brown,medium,tied,clean,none,none
264890,light,dark_brown,medium,tied,clean,none,none
264891,light,brown,medium,tied,clean,none,none
264895,light,dark_brown,short,slicked,clean,none,none
264900,dark,black,long,braids,clean,none,none
264905,light,brown,medium,tied,clean,none,none
264906,dark,black,short,slicked,clean,none,none
264907,medium,dyed,medium,curly,clean,none,none
264908,very_light,light_brown,short,slicked,clean,none,none
264914,light,dark_brown,short,slicked,clean,none,none
264921,light,brown,medium,straight,clean,none,none
264922,light,brown,medium,tied,clean,none,none
264923,light,dark_brown,medium,tied,clean,none,none
264924,light,dark_brown,medium,tied,clean,none,none
264925,very_light,red,medium,straight,clean,none,none
264933,light,dyed,medium,tied,clean,none,none
264934,very_light,red,short,slicked,clean,none,none
264936,light,dark_brown,medium,tied,clean,none,none
264938,light,light_brown,medium,tied,clean,none,none
264939,light,dark_brown,medium,tied,clean,none,none
264940,light,brown,medium,tied,clean,none,none
264944,light,dark_brown,medium,tied,clean,none,none
264953,dark,black,medium,tied,clean,none,none
264960,light,dark_brown,short,slicked,clean,none,none
264963,light,brown,medium,wavy,clean,none,none
264978,light,light_brown,medium,tied,clean,none,none
264982,medium,dark_brown,short,slicked,clean,none,headband
264985,light,light_brown,medium,tied,clean,none,none
264986,light,dark_brown,medium,tied,clean,none,none
264988,olive,dark_brown,medium,tied,clean,none,none
264989,brown,black,medium,tied,clean,none,none
264992,very_light,blonde,medium,tied,clean,none,none
264994,light,dark_brown,medium,tied,clean,none,none
264995,light,brown,medium,tied,clean,none,none
264996,light,brown,medium,tied,clean,none,hairband
264997,light,dark_brown,medium,tied,clean,none,none
265007,light,blonde,medium,tied,clean,none,none
265009,light,brown,medium,tied,clean,none,none
265033,light,dark_brown,medium,tied,clean,none,none
265034,light,dark_brown,medium,tied,clean,none,none
265035,light,light_brown,medium,tied,clean,none,none
265036,medium,black,medium,wavy,clean,none,none
265042,light,dark_brown,medium,tied,clean,none,none
265046,olive,dark_brown,medium,tied,clean,none,none
265058,light,black,medium,tied,clean,none,none
265059,light,dark_brown,medium,tied,clean,none,none
265060,light,brown,medium,tied,clean,none,none
265063,light,light_brown,short,slicked,clean,none,none
265069,light,dark_brown,medium,tied,clean,none,none
265070,light,dyed,medium,tied,clean,none,none
265082,light,brown,medium,tied,clean,none,none
265086,olive,dark_brown,medium,tied,clean,none,none
265091,light,brown,medium,tied,clean,none,none
265092,brown,black,medium,tied,clean,none,none
265106,light,brown,medium,tied,clean,none,none
265116,light,brown,medium,tied,clean,none,none
265117,olive,dark_brown,medium,tied,clean,none,none
265118,light,black,medium,tied,clean,none,none
265129,light,dark_brown,medium,tied,clean,none,none
265194,light,light_brown,medium,wavy,clean,none,none
265195,light,dark_brown,short,slicked,clean,none,none
265237,olive,black,short,slicked,clean,none,none
265239,light,dark_brown,medium,tied,clean,none,none
265240,light,dark_brown,medium,tied,clean,none,none
265246,brown,black,medium,curly,clean,none,none
265247,olive,black,medium,tied,clean,none,none
265249,brown,light_brown,short,curly,clean,none,none
265252,light,black,short,straight,clean,none,none
265254,olive,light_brown,medium,tied,clean,none,none
265258,dark,black,medium,tied,clean,none,none
265259,light,brown,medium,tied,clean,none,none
265271,light,dark_brown,medium,tied,clean,none,none
265273,light,dark_brown,medium,tied,clean,none,none
265286,light,light_brown,short,slicked,clean,none,none
265300,light,brown,short,slicked,clean,none,none
265304,light,light_brown,medium,tied,clean,none,none
265307,light,brown,medium,tied,clean,none,none
265317,light,blonde,medium,tied,clean,none,none
265333,light,light_brown,medium,tied,clean,none,none
265352,light,dark_brown,medium,tied,clean,none,none
265383,light,light_brown,medium,wavy,clean,none,none
265412,light,black,short,wavy,clean,none,none
265536,olive,black,short,slicked,clean,none,none
265552,dark,black,short,afro,stubble,black,none
265571,light,brown,short,slicked,clean,none,none
265577,light,dark_brown,short,curly,clean,none,none
265578,olive,black,short,slicked,goatee,black,none
265693,light,dark_brown,short,slicked,clean,none,none
265703,light,light_brown,medium,tied,clean,none,none
265726,olive,black,short,straight,stubble,grey,none
265774,brown,black,short,curly,goatee,black,none
265800,light,dark_brown,short,slicked,clean,none,none
265845,olive,black,medium,tied,clean,none,none
265850,brown,black,medium,tied,clean,none,none
265856,light,grey,medium,straight,clean,none,none
265878,olive,brown,medium,tied,clean,none,none
265879,light,light_brown,medium,tied,clean,none,none
265892,dark,black,long,braids,clean,none,none
265893,olive,dark_brown,medium,tied,clean,none,none
265896,light,light_brown,medium,tied,clean,none,none
265897,dark,black,medium,afro,clean,none,none
265915,olive,dark_brown,medium,tied,clean,none,none
265937,olive,dark_brown,medium,tied,clean,none,none
265950,olive,black,medium,tied,clean,none,none
265952,light,brown,medium,tied,clean,none,none
265968,light,dark_brown,medium,tied,clean,none,none
266032,dark,black,short,twists,goatee,black,none
266091,light,light_brown,medium,tied,clean,none,none
266097,brown,black,short,curly,moustache,black,none
266127,light,brown,short,straight,clean,none,none
266183,brown,black,short,twists,goatee,black,none
266236,olive,black,short,straight,short_beard,black,none
266253,light,dark_brown,short,straight,clean,none,none
266254,light,light_brown,short,slicked,clean,none,none
266270,brown,black,short,curly,moustache,black,none
266331,light,black,short,straight,clean,none,none
266399,light,brown,medium,tied,clean,none,none
266401,light,light_brown,long,wavy,clean,none,headband
266404,light,dark_brown,medium,tied,clean,none,none
266433,very_light,light_brown,short,slicked,clean,none,none
266436,very_light,black,short,straight,clean,none,none
266453,brown,black,short,curly,goatee,black,none
266551,brown,black,medium,tied,clean,none,none
266568,brown,black,medium,tied,clean,none,none
266596,olive,dark_brown,medium,tied,clean,none,none
266598,very_light,blonde,medium,tied,clean,none,none
266641,light,dark_brown,short,slicked,goatee,dark_brown,none
266797,brown,black,short,curly,stubble,black,none
266816,light,light_brown,short,slicked,clean,none,none
266872,olive,black,short,slicked,short_beard,black,none
266912,olive,black,medium,tied,clean,none,none
266922,light,light_brown,medium,tied,clean,none,none
266933,olive,dark_brown,medium,tied,clean,none,none
266939,very_light,blonde,short,slicked,clean,none,none
266949,light,dark_brown,medium,tied,clean,none,none
267199,light,dark_brown,long,curly,clean,none,headband
267208,olive,black,short,slicked,clean,none,none
267215,very_light,light_brown,medium,tied,clean,none,none
267220,light,blonde,medium,tied,clean,none,none
267234,brown,black,medium,tied,clean,none,none
267237,olive,black,long,tied,clean,none,none
267238,light,brown,medium,tied,clean,none,none
267240,olive,black,medium,tied,clean,none,none
267241,brown,dark_brown,medium,tied,clean,none,none
267242,dark,black,medium,tied,clean,none,none
267251,very_light,light_brown,medium,tied,clean,none,none
267277,medium,black,medium,tied,clean,none,none
267281,light,dark_brown,medium,tied,clean,none,none
267299,olive,dark_brown,medium,tied,clean,none,none
267309,light,light_brown,medium,tied,clean,none,none
267321,light,light_brown,medium,tied,clean,none,none
267325,light,brown,medium,tied,clean,none,none
267328,light,light_brown,medium,wavy,clean,none,none
267329,brown,black,medium,tied,clean,none,none
267332,light,dark_brown,medium,tied,clean,none,none
267336,olive,dark_brown,medium,tied,clean,none,none
267338,light,dark_brown,medium,straight,clean,none,none
267339,light,light_brown,medium,tied,clean,none,none
267350,olive,black,medium,tied,clean,none,none
267353,dark,black,short,curly,clean,none,none
267368,medium,brown,medium,tied,clean,none,none
267376,light,brown,medium,tied,clean,none,none
267379,very_light,blonde,medium,tied,clean,none,none
267388,olive,dark_brown,medium,tied,clean,none,none
267474,brown,brown,medium,curly,clean,none,none
267519,olive,dark_brown,medium,tied,clean,none,none
267530,brown,black,medium,braids,clean,none,none
267593,light,brown,short,slicked,clean,none,none
267611,dark,black,short,curly,clean,none,none
267660,dark,black,short,afro,clean,none,none
267680,dark,black,short,curly,goatee,black,none
267894,dark,black,short,curly,goatee,black,none
267905,olive,black,short,wavy,clean,none,none
268131,olive,black,short,curly,clean,none,none
268438,light,black,short,straight,clean,none,none
268443,light,dark_brown,short,straight,clean,none,none
268451,light,dark_brown,long,tied,clean,none,none
268573,light,brown,short,slicked,clean,none,none
268622,dark,black,short,curly,stubble,black,none
268640,light,light_brown,medium,tied,clean,none,none
268646,light,light_brown,medium,tied,clean,none,none
268647,light,light_brown,medium,straight,clean,none,headband
268656,light,dark_brown,short,wavy,clean,none,none
268719,olive,dark_brown,short,slicked,clean,none,none
268728,brown,black,short,curly,goatee,black,none
268802,light,brown,short,slicked,clean,none,none
268896,very_light,red,short,straight,clean,none,none
268913,olive,dark_brown,short,straight,stubble,dark_brown,none
268942,olive,dark_brown,medium,tied,clean,none,none
268993,olive,dark_brown,medium,tied,clean,none,none
268995,light,dark_brown,medium,wavy,clean,none,none
269087,brown,black,medium,twists,moustache,black,none
269136,dark,black,short,curly,clean,none,none
269153,light,brown,short,straight,stubble,brown,none
269176,light,black,short,straight,clean,none,none
269276,light,black,short,straight,clean,none,none
269292,olive,dyed,short,slicked,clean,none,none
269558,light,dark_brown,medium,straight,clean,none,none
269661,very_light,light_brown,long,tied,clean,none,none
269705,brown,dark_brown,short,braids,moustache,dark_brown,none
269811,light,dark_brown,medium,tied,clean,none,none
269829,light,brown,medium,tied,clean,none,none
269922,olive,black,short,slicked,clean,none,none
269953,olive,black,short,slicked,stubble,black,none
269962,light,black,short,wavy,stubble,black,none
269972,light,dark_brown,medium,tied,clean,none,none
270013,light,red,short,curly,goatee,dark_brown,none
270039,brown,dark_brown,medium,twists,clean,none,none
270077,olive,black,short,slicked,short_beard,black,none
270086,light,black,short,straight,clean,none,none
270141,light,black,short,wavy,clean,none,none
270407,very_light,light_brown,medium,straight,clean,none,none
270465,light,black,short,slicked,clean,none,none
270512,dark,black,buzz,curly,stubble,black,none
270525,very_light,light_brown,medium,tied,clean,none,none
270558,light,dark_brown,short,tied,clean,none,none
270571,brown,black,short,curly,moustache,black,none
270617,light,brown,short,wavy,stubble,brown,none
270670,olive,black,short,curly,goatee,black,none
270728,light,brown,medium,wavy,moustache,brown,none
270834,olive,black,short,slicked,full_beard,black,none
270879,light,black,short,curly,goatee,black,none
270892,olive,black,medium,tied,clean,none,none
270895,light,dark_brown,medium,tied,clean,none,none
270937,light,dark_brown,short,straight,clean,none,none
270964,brown,black,short,curly,clean,none,none
271019,light,dark_brown,medium,straight,clean,none,none
271040,dark,black,short,straight,clean,none,headband
271145,light,dark_brown,short,straight,clean,none,none
271174,brown,black,medium,curly,clean,none,none
271227,dark,black,medium,twists,moustache,black,none
271384,olive,black,short,slicked,full_beard,black,none
271400,brown,black,short,straight,moustache,black,none
271403,olive,dark_brown,long,tied,clean,none,none
271404,light,dark_brown,short,curly,clean,none,none
271421,brown,black,short,curly,clean,none,none
271568,light,brown,medium,tied,clean,none,none
271577,dark,black,short,curly,clean,none,none
271579,olive,black,short,slicked,clean,none,none
271673,brown,black,short,curly,clean,none,none
271716,dark,black,short,afro,clean,none,none
271739,light,brown,short,straight,clean,none,none
271816,dark,black,medium,twists,clean,none,none
271838,light,blonde,medium,tied,clean,none,none
271845,light,dark_brown,medium,tied,clean,none,none
271856,light,brown,short,wavy,short_beard,brown,none
271860,light,dark_brown,medium,tied,clean,none,none
271893,medium,black,medium,tied,clean,none,none
271916,olive,black,short,slicked,moustache,black,none
271952,very_light,red,medium,tied,clean,none,none
272008,olive,dark_brown,medium,tied,clean,none,none
272032,olive,dark_brown,medium,tied,clean,none,none
272047,olive,dark_brown,medium,tied,clean,none,none
272048,light,dark_brown,medium,tied,clean,none,none
272055,light,dark_brown,medium,tied,clean,none,none
272056,olive,dark_brown,medium,tied,clean,none,none
272085,olive,dark_brown,medium,tied,clean,none,none
272094,olive,dark_brown,medium,tied,clean,none,none
272097,light,dark_brown,medium,tied,clean,none,none
272101,olive,black,medium,tied,clean,none,none
272113,light,dark_brown,medium,tied,clean,none,none
272115,brown,black,medium,tied,clean,none,headband
272124,olive,black,medium,tied,clean,none,none
272125,light,black,medium,straight,clean,none,headband
272127,olive,dark_brown,medium,tied,clean,none,none
272129,light,brown,long,tied,clean,none,none
272135,olive,dark_brown,medium,tied,clean,none,none
272140,light,dark_brown,long,tied,clean,none,none
272146,dark,black,short,afro,clean,none,none
272153,olive,dark_brown,medium,tied,clean,none,none
272185,olive,black,long,tied,clean,none,none
272188,olive,black,medium,tied,clean,none,none
272191,olive,black,medium,tied,clean,none,none
272204,light,light_brown,medium,tied,clean,none,none
272206,medium,dark_brown,medium,tied,clean,none,none
272234,olive,black,medium,tied,clean,none,none
272257,light,black,medium,curly,clean,none,none
272341,light,light_brown,medium,tied,clean,none,none
272433,light,dark_brown,short,wavy,clean,none,none
272534,light,dark_brown,medium,tied,clean,none,none
272612,light,dark_brown,short,straight,goatee,dark_brown,none
272657,light,brown,medium,tied,clean,none,none
272687,light,brown,medium,wavy,clean,none,none
272718,very_light,black,short,wavy,clean,none,none
272783,brown,black,short,curly,goatee,black,none
272994,light,brown,medium,tied,clean,none,none
273010,light,blonde,medium,tied,clean,none,none
273142,olive,dark_brown,medium,tied,clean,none,none
273149,brown,light_brown,medium,tied,clean,none,none
273150,dark,black,medium,braids,clean,none,none
273153,dark,black,medium,braids,clean,none,none
273205,medium,dark_brown,medium,tied,clean,none,none
273378,light,dark_brown,medium,tied,clean,none,none
273403,light,light_brown,medium,tied,clean,none,none
273411,light,dark_brown,medium,wavy,clean,none,none
273463,olive,black,short,straight,goatee,black,none
273466,brown,black,medium,tied,clean,none,none
273468,olive,dark_brown,medium,tied,clean,none,none
273520,light,black,short,straight,clean,none,none
273563,light,dark_brown,medium,tied,clean,none,none
273564,dark,black,medium,tied,goatee,black,none
273567,light,dark_brown,medium,tied,clean,none,none
273651,olive,black,short,wavy,clean,none,none
273693,dark,black,medium,dreads,clean,none,none
273875,light,black,short,wavy,clean,none,none
273883,olive,dark_brown,short,wavy,clean,none,none
273933,dark,black,medium,dreads,clean,none,none
274000,olive,dyed,short,curly,full_beard,black,none
274082,olive,black,short,curly,stubble,black,none
274355,olive,black,short,straight,short_beard,black,none
274377,olive,black,short,slicked,clean,none,none
274722,olive,black,short,slicked,goatee,black,none
274846,light,brown,medium,tied,clean,none,none
274927,light,brown,short,wavy,clean,none,none
275138,dark,black,short,curly,clean,none,none
275192,olive,brown,short,wavy,clean,none,none
275208,brown,black,short,curly,goatee,black,none
275298,light,black,short,slicked,goatee,black,none
275324,dark,black,short,curly,clean,none,none
275343,light,black,short,straight,clean,none,none
275382,light,dark_brown,short,slicked,clean,none,none
275399,brown,dark_brown,medium,tied,clean,none,none
275410,light,dark_brown,medium,tied,clean,none,none
275507,dark,black,short,curly,clean,none,none
275579,medium,dark_brown,medium,tied,clean,none,none
275586,olive,dark_brown,medium,tied,clean,none,none
275587,olive,dark_brown,short,tied,clean,none,none
275771,dark,black,short,curly,full_beard,black,none
275774,olive,dark_brown,medium,tied,clean,none,none
275784,light,light_brown,medium,tied,clean,none,none
275787,olive,dark_brown,medium,tied,clean,none,none
275849,olive,dark_brown,medium,tied,clean,none,none
275938,light,light_brown,medium,tied,clean,none,none
275942,very_light,light_brown,medium,tied,clean,none,none
276256,dark,black,short,curly,clean,none,none
276297,light,dark_brown,medium,tied,clean,none,none
276477,brown,black,short,curly,clean,none,none
276480,light,red,medium,tied,clean,none,none
276489,light,black,short,wavy,goatee,black,none
276507,light,dark_brown,medium,straight,clean,none,none
276511,brown,black,medium,tied,clean,none,none
276519,dark,black,short,curly,clean,none,none
276583,olive,dyed,short,spiky,goatee,black,none
276610,very_light,red,short,slicked,short_beard,red,none
276771,light,brown,medium,tied,clean,none,none
276797,dark,black,short,straight,clean,none,hat
276862,light,dark_brown,medium,tied,clean,none,headband
276971,olive,dark_brown,medium,tied,clean,none,none
277039,light,light_brown,medium,tied,clean,none,none
277048,light,dark_brown,medium,tied,clean,none,none
277068,brown,black,short,curly,goatee,black,none
277145,light,black,medium,tied,clean,none,none
277170,brown,black,long,curly,clean,none,none
277179,olive,black,short,slicked,clean,none,none
277214,brown,black,short,curly,goatee,black,none
277263,dark,black,short,braids,clean,none,none
277264,light,dark_brown,medium,tied,clean,none,none
277283,olive,dark_brown,short,straight,stubble,dark_brown,none
277314,light,light_brown,medium,tied,clean,none,none
277339,light,dark_brown,medium,tied,clean,none,headband
277349,olive,dark_brown,medium,tied,clean,none,none
277452,dark,black,medium,tied,clean,none,none
277544,light,light_brown,medium,tied,clean,none,none
277573,olive,black,medium,tied,clean,none,none
277643,brown,dyed,short,curly,clean,none,none
277689,very_light,blonde,medium,straight,clean,none,none
277812,olive,black,long,tied,clean,none,none
277954,light,black,medium,slicked,clean,none,none
278032,olive,black,medium,wavy,clean,none,none
278097,olive,dark_brown,short,slicked,clean,none,none
278098,light,light_brown,short,slicked,clean,none,none
278102,dark,black,short,curly,full_beard,black,none
278228,very_light,dark_brown,short,straight,goatee,dark_brown,none
278587,very_light,black,short,wavy,clean,none,none
278668,olive,black,short,slicked,short_beard,brown,none
278854,brown,black,short,curly,short_beard,black,none
279112,olive,black,short,straight,moustache,black,none
279200,dark,black,short,curly,clean,none,none
279523,very_light,light_brown,medium,tied,clean,none,none
279693,light,dark_brown,medium,tied,clean,none,none
279896,olive,black,short,straight,goatee,black,none
